test_id,label
test_1,0
test_2,0
test_3,-1
test_4,0
test_5,0
test_6,1
test_7,-1
test_8,1
test_9,-1
test_10,-1
test_11,-1
test_12,1
test_13,0
test_14,-1
test_15,0
test_16,-1
test_17,0
test_18,0
test_19,0
test_20,-1
test_21,1
test_22,1
test_23,-1
test_24,0
test_25,-1
test_26,0
test_27,0
test_28,-1
test_29,1
test_30,-1
test_31,0
test_32,1
test_33,-1
test_34,-1
test_35,1
test_36,1
test_37,0
test_38,1
test_39,-1
test_40,-1
test_41,1
test_42,-1
test_43,0
test_44,0
test_45,-1
test_46,1
test_47,-1
test_48,-1
test_49,0
test_50,1
test_51,-1
test_52,1
test_53,0
test_54,0
test_55,-1
test_56,1
test_57,0
test_58,0
test_59,-1
test_60,0
test_61,1
test_62,1
test_63,-1
test_64,0
test_65,-1
test_66,0
test_67,-1
test_68,0
test_69,1
test_70,0
test_71,0
test_72,0
test_73,0
test_74,1
test_75,-1
test_76,0
test_77,1
test_78,1
test_79,-1
test_80,-1
test_81,1
test_82,-1
test_83,0
test_84,-1
test_85,0
test_86,1
test_87,0
test_88,-1
test_89,0
test_90,0
test_91,-1
test_92,-1
test_93,0
test_94,-1
test_95,1
test_96,0
test_97,-1
test_98,0
test_99,1
test_100,-1
test_101,0
test_102,1
test_103,-1
test_104,1
test_105,0
test_106,-1
test_107,1
test_108,0
test_109,0
test_110,0
test_111,-1
test_112,1
test_113,1
test_114,1
test_115,-1
test_116,-1
test_117,-1
test_118,-1
test_119,1
test_120,0
test_121,-1
test_122,-1
test_123,1
test_124,0
test_125,-1
test_126,1
test_127,-1
test_128,1
test_129,-1
test_130,1
test_131,0
test_132,1
test_133,0
test_134,1
test_135,0
test_136,1
test_137,0
test_138,1
test_139,0
test_140,1
test_141,0
test_142,-1
test_143,-1
test_144,0
test_145,1
test_146,-1
test_147,-1
test_148,-1
test_149,0
test_150,0
test_151,1
test_152,1
test_153,1
test_154,-1
test_155,1
test_156,-1
test_157,-1
test_158,-1
test_159,-1
test_160,1
test_161,-1
test_162,0
test_163,0
test_164,0
test_165,-1
test_166,0
test_167,1
test_168,0
test_169,-1
test_170,-1
test_171,1
test_172,-1
test_173,0
test_174,-1
test_175,1
test_176,0
test_177,-1
test_178,0
test_179,1
test_180,0
test_181,0
test_182,0
test_183,0
test_184,0
test_185,0
test_186,0
test_187,1
test_188,1
test_189,-1
test_190,0
test_191,-1
test_192,1
test_193,1
test_194,1
test_195,0
test_196,0
test_197,0
test_198,-1
test_199,1
test_200,-1
test_201,-1
test_202,1
test_203,1
test_204,1
test_205,-1
test_206,-1
test_207,0
test_208,1
test_209,0
test_210,-1
test_211,0
test_212,1
test_213,1
test_214,0
test_215,-1
test_216,-1
test_217,1
test_218,1
test_219,-1
test_220,-1
test_221,-1
test_222,-1
test_223,0
test_224,-1
test_225,-1
test_226,0
test_227,1
test_228,1
test_229,-1
test_230,-1
test_231,1
test_232,-1
test_233,1
test_234,0
test_235,1
test_236,1
test_237,0
test_238,0
test_239,0
test_240,-1
test_241,0
test_242,-1
test_243,0
test_244,-1
test_245,1
test_246,-1
test_247,-1
test_248,0
test_249,-1
test_250,0
test_251,-1
test_252,0
test_253,-1
test_254,0
test_255,1
test_256,1
test_257,0
test_258,1
test_259,0
test_260,-1
test_261,1
test_262,-1
test_263,-1
test_264,1
test_265,-1
test_266,-1
test_267,1
test_268,-1
test_269,0
test_270,0
test_271,1
test_272,1
test_273,-1
test_274,1
test_275,1
test_276,1
test_277,0
test_278,-1
test_279,1
test_280,-1
test_281,-1
test_282,0
test_283,0
test_284,0
test_285,-1
test_286,1
test_287,1
test_288,-1
test_289,1
test_290,1
test_291,-1
test_292,0
test_293,1
test_294,1
test_295,-1
test_296,-1
test_297,-1
test_298,1
test_299,0
test_300,1
test_301,-1
test_302,-1
test_303,-1
test_304,-1
test_305,1
test_306,1
test_307,-1
test_308,1
test_309,-1
test_310,-1
test_311,-1
test_312,1
test_313,1
test_314,-1
test_315,0
test_316,1
test_317,1
test_318,-1
test_319,-1
test_320,1
test_321,1
test_322,0
test_323,-1
test_324,0
test_325,1
test_326,-1
test_327,1
test_328,0
test_329,-1
test_330,-1
test_331,-1
test_332,-1
test_333,-1
test_334,-1
test_335,1
test_336,0
test_337,-1
test_338,0
test_339,1
test_340,1
test_341,0
test_342,0
test_343,1
test_344,1
test_345,0
test_346,1
test_347,-1
test_348,-1
test_349,0
test_350,1
test_351,-1
test_352,-1
test_353,-1
test_354,0
test_355,0
test_356,1
test_357,-1
test_358,-1
test_359,0
test_360,1
test_361,1
test_362,0
test_363,1
test_364,1
test_365,-1
test_366,-1
test_367,1
test_368,0
test_369,0
test_370,1
test_371,-1
test_372,-1
test_373,0
test_374,-1
test_375,0
test_376,-1
test_377,1
test_378,-1
test_379,0
test_380,1
test_381,-1
test_382,0
test_383,0
test_384,1
test_385,-1
test_386,-1
test_387,-1
test_388,-1
test_389,0
test_390,0
test_391,0
test_392,1
test_393,1
test_394,1
test_395,-1
test_396,-1
test_397,-1
test_398,1
test_399,-1
test_400,0
test_401,-1
test_402,0
test_403,1
test_404,-1
test_405,0
test_406,-1
test_407,1
test_408,1
test_409,0
test_410,1
test_411,1
test_412,-1
test_413,-1
test_414,0
test_415,-1
test_416,-1
test_417,-1
test_418,0
test_419,0
test_420,-1
test_421,1
test_422,0
test_423,1
test_424,1
test_425,0
test_426,1
test_427,1
test_428,1
test_429,1
test_430,-1
test_431,-1
test_432,0
test_433,-1
test_434,0
test_435,-1
test_436,1
test_437,0
test_438,0
test_439,-1
test_440,-1
test_441,-1
test_442,-1
test_443,-1
test_444,0
test_445,1
test_446,-1
test_447,-1
test_448,1
test_449,1
test_450,-1
test_451,1
test_452,-1
test_453,-1
test_454,1
test_455,-1
test_456,0
test_457,0
test_458,0
test_459,-1
test_460,0
test_461,-1
test_462,1
test_463,-1
test_464,-1
test_465,1
test_466,1
test_467,1
test_468,-1
test_469,1
test_470,0
test_471,1
test_472,0
test_473,0
test_474,1
test_475,0
test_476,0
test_477,-1
test_478,1
test_479,1
test_480,-1
test_481,1
test_482,0
test_483,1
test_484,-1
test_485,1
test_486,1
test_487,-1
test_488,1
test_489,-1
test_490,0
test_491,1
test_492,1
test_493,0
test_494,1
test_495,0
test_496,0
test_497,1
test_498,0
test_499,0
test_500,0
test_501,0
test_502,0
test_503,1
test_504,-1
test_505,1
test_506,-1
test_507,0
test_508,1
test_509,0
test_510,0
test_511,0
test_512,-1
test_513,1
test_514,0
test_515,1
test_516,-1
test_517,1
test_518,0
test_519,1
test_520,1
test_521,1
test_522,0
test_523,1
test_524,-1
test_525,-1
test_526,-1
test_527,-1
test_528,1
test_529,1
test_530,1
test_531,-1
test_532,-1
test_533,1
test_534,-1
test_535,-1
test_536,-1
test_537,1
test_538,1
test_539,0
test_540,1
test_541,-1
test_542,1
test_543,0
test_544,1
test_545,1
test_546,1
test_547,1
test_548,0
test_549,1
test_550,-1
test_551,0
test_552,-1
test_553,0
test_554,0
test_555,1
test_556,1
test_557,1
test_558,0
test_559,1
test_560,0
test_561,0
test_562,1
test_563,0
test_564,-1
test_565,-1
test_566,-1
test_567,-1
test_568,1
test_569,-1
test_570,0
test_571,-1
test_572,0
test_573,-1
test_574,1
test_575,1
test_576,1
test_577,-1
test_578,-1
test_579,1
test_580,0
test_581,-1
test_582,-1
test_583,-1
test_584,-1
test_585,1
test_586,-1
test_587,1
test_588,1
test_589,-1
test_590,-1
test_591,-1
test_592,1
test_593,1
test_594,-1
test_595,1
test_596,-1
test_597,1
test_598,0
test_599,-1
test_600,1
test_601,1
test_602,-1
test_603,1
test_604,0
test_605,0
test_606,0
test_607,-1
test_608,0
test_609,-1
test_610,-1
test_611,0
test_612,1
test_613,-1
test_614,-1
test_615,-1
test_616,-1
test_617,1
test_618,-1
test_619,-1
test_620,1
test_621,-1
test_622,0
test_623,-1
test_624,0
test_625,1
test_626,-1
test_627,0
test_628,0
test_629,-1
test_630,1
test_631,-1
test_632,1
test_633,1
test_634,-1
test_635,1
test_636,1
test_637,-1
test_638,0
test_639,0
test_640,0
test_641,1
test_642,0
test_643,0
test_644,1
test_645,-1
test_646,1
test_647,1
test_648,1
test_649,-1
test_650,0
test_651,0
test_652,0
test_653,-1
test_654,-1
test_655,-1
test_656,1
test_657,0
test_658,-1
test_659,1
test_660,1
test_661,1
test_662,-1
test_663,1
test_664,0
test_665,-1
test_666,-1
test_667,0
test_668,-1
test_669,-1
test_670,-1
test_671,-1
test_672,-1
test_673,1
test_674,0
test_675,-1
test_676,0
test_677,-1
test_678,-1
test_679,-1
test_680,0
test_681,0
test_682,0
test_683,0
test_684,0
test_685,-1
test_686,0
test_687,0
test_688,0
test_689,0
test_690,1
test_691,0
test_692,-1
test_693,1
test_694,0
test_695,1
test_696,-1
test_697,0
test_698,0
test_699,0
test_700,1
test_701,1
test_702,1
test_703,0
test_704,-1
test_705,0
test_706,-1
test_707,-1
test_708,0
test_709,1
test_710,-1
test_711,0
test_712,0
test_713,-1
test_714,1
test_715,0
test_716,1
test_717,0
test_718,1
test_719,0
test_720,-1
test_721,1
test_722,1
test_723,0
test_724,-1
test_725,0
test_726,0
test_727,1
test_728,-1
test_729,1
test_730,-1
test_731,1
test_732,0
test_733,1
test_734,0
test_735,1
test_736,1
test_737,0
test_738,1
test_739,1
test_740,-1
test_741,-1
test_742,1
test_743,0
test_744,-1
test_745,1
test_746,1
test_747,-1
test_748,0
test_749,1
test_750,0
test_751,0
test_752,0
test_753,-1
test_754,-1
test_755,-1
test_756,1
test_757,1
test_758,-1
test_759,0
test_760,0
test_761,0
test_762,0
test_763,0
test_764,1
test_765,0
test_766,1
test_767,-1
test_768,0
test_769,-1
test_770,1
test_771,-1
test_772,-1
test_773,-1
test_774,1
test_775,-1
test_776,1
test_777,-1
test_778,0
test_779,-1
test_780,-1
test_781,0
test_782,-1
test_783,1
test_784,0
test_785,-1
test_786,1
test_787,-1
test_788,0
test_789,1
test_790,0
test_791,0
test_792,0
test_793,0
test_794,1
test_795,0
test_796,1
test_797,-1
test_798,1
test_799,-1
test_800,0
test_801,0
test_802,1
test_803,0
test_804,-1
test_805,0
test_806,1
test_807,0
test_808,0
test_809,1
test_810,0
test_811,-1
test_812,-1
test_813,0
test_814,0
test_815,-1
test_816,-1
test_817,-1
test_818,-1
test_819,1
test_820,-1
test_821,-1
test_822,0
test_823,0
test_824,1
test_825,1
test_826,0
test_827,1
test_828,0
test_829,0
test_830,1
test_831,1
test_832,-1
test_833,-1
test_834,-1
test_835,-1
test_836,0
test_837,1
test_838,1
test_839,0
test_840,-1
test_841,1
test_842,-1
test_843,-1
test_844,0
test_845,-1
test_846,0
test_847,0
test_848,0
test_849,1
test_850,0
test_851,-1
test_852,0
test_853,1
test_854,0
test_855,0
test_856,1
test_857,1
test_858,1
test_859,-1
test_860,-1
test_861,1
test_862,0
test_863,0
test_864,-1
test_865,0
test_866,0
test_867,-1
test_868,0
test_869,1
test_870,0
test_871,-1
test_872,-1
test_873,1
test_874,0
test_875,1
test_876,1
test_877,1
test_878,0
test_879,0
test_880,-1
test_881,-1
test_882,1
test_883,-1
test_884,0
test_885,-1
test_886,1
test_887,1
test_888,-1
test_889,0
test_890,1
test_891,1
test_892,-1
test_893,0
test_894,0
test_895,0
test_896,-1
test_897,1
test_898,1
test_899,0
test_900,0
test_901,0
test_902,0
test_903,-1
test_904,0
test_905,1
test_906,1
test_907,0
test_908,-1
test_909,0
test_910,-1
test_911,-1
test_912,-1
test_913,1
test_914,-1
test_915,-1
test_916,0
test_917,0
test_918,1
test_919,1
test_920,-1
test_921,0
test_922,-1
test_923,0
test_924,-1
test_925,1
test_926,0
test_927,0
test_928,1
test_929,1
test_930,-1
test_931,0
test_932,-1
test_933,1
test_934,1
test_935,1
test_936,1
test_937,-1
test_938,0
test_939,0
test_940,-1
test_941,-1
test_942,0
test_943,1
test_944,1
test_945,0
test_946,0
test_947,0
test_948,-1
test_949,1
test_950,-1
test_951,0
test_952,-1
test_953,0
test_954,0
test_955,0
test_956,0
test_957,0
test_958,1
test_959,-1
test_960,0
test_961,1
test_962,1
test_963,0
test_964,1
test_965,-1
test_966,1
test_967,-1
test_968,0
test_969,-1
test_970,1
test_971,0
test_972,1
test_973,-1
test_974,0
test_975,1
test_976,1
test_977,0
test_978,1
test_979,-1
test_980,1
test_981,0
test_982,-1
test_983,0
test_984,-1
test_985,0
test_986,1
test_987,-1
test_988,-1
test_989,0
test_990,1
test_991,0
test_992,1
test_993,1
test_994,1
test_995,1
test_996,0
test_997,0
test_998,1
test_999,-1
test_1000,0
test_1001,0
test_1002,1
test_1003,0
test_1004,0
test_1005,-1
test_1006,-1
test_1007,0
test_1008,1
test_1009,0
test_1010,-1
test_1011,-1
test_1012,1
test_1013,0
test_1014,0
test_1015,0
test_1016,1
test_1017,-1
test_1018,-1
test_1019,0
test_1020,-1
test_1021,0
test_1022,1
test_1023,-1
test_1024,1
test_1025,0
test_1026,1
test_1027,-1
test_1028,-1
test_1029,0
test_1030,0
test_1031,1
test_1032,0
test_1033,1
test_1034,0
test_1035,0
test_1036,1
test_1037,1
test_1038,0
test_1039,-1
test_1040,-1
test_1041,-1
test_1042,-1
test_1043,1
test_1044,0
test_1045,0
test_1046,1
test_1047,1
test_1048,0
test_1049,-1
test_1050,-1
test_1051,0
test_1052,1
test_1053,-1
test_1054,0
test_1055,0
test_1056,0
test_1057,1
test_1058,1
test_1059,0
test_1060,1
test_1061,0
test_1062,-1
test_1063,-1
test_1064,0
test_1065,-1
test_1066,1
test_1067,0
test_1068,-1
test_1069,-1
test_1070,-1
test_1071,-1
test_1072,1
test_1073,-1
test_1074,1
test_1075,-1
test_1076,-1
test_1077,1
test_1078,1
test_1079,-1
test_1080,0
test_1081,-1
test_1082,0
test_1083,0
test_1084,-1
test_1085,0
test_1086,0
test_1087,-1
test_1088,1
test_1089,1
test_1090,1
test_1091,1
test_1092,-1
test_1093,0
test_1094,0
test_1095,0
test_1096,0
test_1097,0
test_1098,-1
test_1099,0
test_1100,0
test_1101,-1
test_1102,-1
test_1103,0
test_1104,1
test_1105,0
test_1106,-1
test_1107,1
test_1108,-1
test_1109,1
test_1110,0
test_1111,-1
test_1112,-1
test_1113,1
test_1114,-1
test_1115,1
test_1116,0
test_1117,1
test_1118,0
test_1119,0
test_1120,1
test_1121,0
test_1122,-1
test_1123,-1
test_1124,0
test_1125,-1
test_1126,-1
test_1127,0
test_1128,0
test_1129,1
test_1130,-1
test_1131,0
test_1132,1
test_1133,0
test_1134,1
test_1135,-1
test_1136,1
test_1137,-1
test_1138,-1
test_1139,-1
test_1140,-1
test_1141,-1
test_1142,0
test_1143,0
test_1144,1
test_1145,0
test_1146,0
test_1147,0
test_1148,1
test_1149,-1
test_1150,0
test_1151,1
test_1152,1
test_1153,1
test_1154,0
test_1155,0
test_1156,1
test_1157,-1
test_1158,-1
test_1159,1
test_1160,-1
test_1161,0
test_1162,1
test_1163,1
test_1164,0
test_1165,0
test_1166,0
test_1167,1
test_1168,0
test_1169,0
test_1170,0
test_1171,-1
test_1172,1
test_1173,-1
test_1174,1
test_1175,-1
test_1176,0
test_1177,0
test_1178,1
test_1179,0
test_1180,0
test_1181,-1
test_1182,0
test_1183,-1
test_1184,0
test_1185,-1
test_1186,-1
test_1187,0
test_1188,0
test_1189,0
test_1190,0
test_1191,-1
test_1192,-1
test_1193,-1
test_1194,1
test_1195,1
test_1196,1
test_1197,1
test_1198,-1
test_1199,1
test_1200,-1
test_1201,0
test_1202,1
test_1203,-1
test_1204,0
test_1205,0
test_1206,-1
test_1207,-1
test_1208,-1
test_1209,-1
test_1210,0
test_1211,-1
test_1212,1
test_1213,0
test_1214,1
test_1215,-1
test_1216,1
test_1217,0
test_1218,1
test_1219,-1
test_1220,1
test_1221,-1
test_1222,1
test_1223,0
test_1224,0
test_1225,-1
test_1226,1
test_1227,1
test_1228,0
test_1229,-1
test_1230,0
test_1231,1
test_1232,-1
test_1233,1
test_1234,-1
test_1235,-1
test_1236,-1
test_1237,-1
test_1238,0
test_1239,-1
test_1240,0
test_1241,1
test_1242,-1
test_1243,1
test_1244,0
test_1245,1
test_1246,-1
test_1247,1
test_1248,-1
test_1249,-1
test_1250,-1
test_1251,1
test_1252,-1
test_1253,0
test_1254,1
test_1255,1
test_1256,1
test_1257,-1
test_1258,1
test_1259,-1
test_1260,0
test_1261,0
test_1262,0
test_1263,-1
test_1264,1
test_1265,1
test_1266,0
test_1267,-1
test_1268,1
test_1269,0
test_1270,0
test_1271,1
test_1272,0
test_1273,-1
test_1274,1
test_1275,1
test_1276,-1
test_1277,-1
test_1278,-1
test_1279,0
test_1280,1
test_1281,0
test_1282,-1
test_1283,1
test_1284,1
test_1285,1
test_1286,-1
test_1287,0
test_1288,-1
test_1289,1
test_1290,1
test_1291,1
test_1292,0
test_1293,-1
test_1294,0
test_1295,-1
test_1296,-1
test_1297,-1
test_1298,-1
test_1299,0
test_1300,-1
test_1301,-1
test_1302,-1
test_1303,-1
test_1304,0
test_1305,0
test_1306,1
test_1307,1
test_1308,0
test_1309,-1
test_1310,0
test_1311,-1
test_1312,1
test_1313,1
test_1314,1
test_1315,0
test_1316,-1
test_1317,1
test_1318,0
test_1319,0
test_1320,1
test_1321,0
test_1322,0
test_1323,1
test_1324,0
test_1325,1
test_1326,0
test_1327,0
test_1328,-1
test_1329,-1
test_1330,-1
test_1331,1
test_1332,1
test_1333,0
test_1334,0
test_1335,-1
test_1336,0
test_1337,1
test_1338,-1
test_1339,1
test_1340,0
test_1341,1
test_1342,0
test_1343,-1
test_1344,-1
test_1345,0
test_1346,0
test_1347,0
test_1348,0
test_1349,0
test_1350,0
test_1351,1
test_1352,0
test_1353,0
test_1354,-1
test_1355,1
test_1356,0
test_1357,-1
test_1358,-1
test_1359,0
test_1360,1
test_1361,-1
test_1362,-1
test_1363,-1
test_1364,1
test_1365,1
test_1366,-1
test_1367,0
test_1368,-1
test_1369,0
test_1370,0
test_1371,1
test_1372,-1
test_1373,-1
test_1374,0
test_1375,0
test_1376,1
test_1377,-1
test_1378,-1
test_1379,1
test_1380,1
test_1381,1
test_1382,-1
test_1383,1
test_1384,1
test_1385,1
test_1386,0
test_1387,-1
test_1388,0
test_1389,0
test_1390,1
test_1391,0
test_1392,0
test_1393,1
test_1394,0
test_1395,1
test_1396,-1
test_1397,1
test_1398,-1
test_1399,1
test_1400,1
test_1401,1
test_1402,1
test_1403,-1
test_1404,1
test_1405,1
test_1406,1
test_1407,0
test_1408,1
test_1409,-1
test_1410,-1
test_1411,-1
test_1412,1
test_1413,-1
test_1414,0
test_1415,-1
test_1416,0
test_1417,0
test_1418,-1
test_1419,-1
test_1420,-1
test_1421,1
test_1422,-1
test_1423,1
test_1424,1
test_1425,-1
test_1426,-1
test_1427,0
test_1428,0
test_1429,-1
test_1430,0
test_1431,0
test_1432,-1
test_1433,0
test_1434,-1
test_1435,1
test_1436,1
test_1437,0
test_1438,0
test_1439,0
test_1440,0
test_1441,0
test_1442,1
test_1443,-1
test_1444,-1
test_1445,0
test_1446,1
test_1447,1
test_1448,0
test_1449,0
test_1450,-1
test_1451,0
test_1452,-1
test_1453,0
test_1454,0
test_1455,1
test_1456,0
test_1457,-1
test_1458,-1
test_1459,-1
test_1460,1
test_1461,0
test_1462,0
test_1463,-1
test_1464,1
test_1465,-1
test_1466,0
test_1467,0
test_1468,0
test_1469,1
test_1470,-1
test_1471,-1
test_1472,0
test_1473,1
test_1474,-1
test_1475,0
test_1476,1
test_1477,1
test_1478,0
test_1479,1
test_1480,-1
test_1481,0
test_1482,-1
test_1483,0
test_1484,-1
test_1485,1
test_1486,-1
test_1487,1
test_1488,1
test_1489,0
test_1490,-1
test_1491,1
test_1492,-1
test_1493,1
test_1494,0
test_1495,-1
test_1496,0
test_1497,0
test_1498,1
test_1499,-1
test_1500,0
test_1501,1
test_1502,-1
test_1503,1
test_1504,0
test_1505,0
test_1506,-1
test_1507,-1
test_1508,-1
test_1509,1
test_1510,0
test_1511,0
test_1512,-1
test_1513,-1
test_1514,-1
test_1515,-1
test_1516,0
test_1517,-1
test_1518,0
test_1519,1
test_1520,1
test_1521,0
test_1522,0
test_1523,0
test_1524,0
test_1525,-1
test_1526,0
test_1527,1
test_1528,-1
test_1529,1
test_1530,0
test_1531,-1
test_1532,-1
test_1533,0
test_1534,1
test_1535,0
test_1536,0
test_1537,1
test_1538,-1
test_1539,1
test_1540,0
test_1541,0
test_1542,-1
test_1543,0
test_1544,0
test_1545,-1
test_1546,-1
test_1547,-1
test_1548,-1
test_1549,-1
test_1550,0
test_1551,0
test_1552,0
test_1553,-1
test_1554,0
test_1555,-1
test_1556,1
test_1557,1
test_1558,-1
test_1559,1
test_1560,-1
test_1561,1
test_1562,0
test_1563,0
test_1564,0
test_1565,-1
test_1566,-1
test_1567,-1
test_1568,1
test_1569,1
test_1570,0
test_1571,-1
test_1572,0
test_1573,0
test_1574,1
test_1575,0
test_1576,-1
test_1577,-1
test_1578,0
test_1579,1
test_1580,1
test_1581,0
test_1582,-1
test_1583,0
test_1584,1
test_1585,-1
test_1586,1
test_1587,0
test_1588,0
test_1589,-1
test_1590,0
test_1591,0
test_1592,1
test_1593,0
test_1594,0
test_1595,0
test_1596,-1
test_1597,0
test_1598,-1
test_1599,0
test_1600,0
test_1601,-1
test_1602,-1
test_1603,1
test_1604,0
test_1605,1
test_1606,-1
test_1607,-1
test_1608,1
test_1609,0
test_1610,-1
test_1611,0
test_1612,1
test_1613,0
test_1614,-1
test_1615,-1
test_1616,-1
test_1617,1
test_1618,1
test_1619,0
test_1620,-1
test_1621,1
test_1622,-1
test_1623,0
test_1624,1
test_1625,1
test_1626,1
test_1627,1
test_1628,1
test_1629,1
test_1630,0
test_1631,1
test_1632,-1
test_1633,-1
test_1634,1
test_1635,1
test_1636,1
test_1637,1
test_1638,0
test_1639,-1
test_1640,0
test_1641,1
test_1642,0
test_1643,-1
test_1644,1
test_1645,0
test_1646,-1
test_1647,-1
test_1648,-1
test_1649,1
test_1650,1
test_1651,0
test_1652,1
test_1653,0
test_1654,0
test_1655,-1
test_1656,-1
test_1657,0
test_1658,0
test_1659,-1
test_1660,-1
test_1661,0
test_1662,-1
test_1663,-1
test_1664,0
test_1665,0
test_1666,0
test_1667,-1
test_1668,-1
test_1669,-1
test_1670,0
test_1671,-1
test_1672,0
test_1673,1
test_1674,0
test_1675,-1
test_1676,-1
test_1677,1
test_1678,1
test_1679,-1
test_1680,1
test_1681,1
test_1682,0
test_1683,0
test_1684,1
test_1685,1
test_1686,0
test_1687,0
test_1688,0
test_1689,-1
test_1690,1
test_1691,0
test_1692,-1
test_1693,-1
test_1694,0
test_1695,0
test_1696,1
test_1697,1
test_1698,0
test_1699,1
test_1700,0
test_1701,-1
test_1702,0
test_1703,0
test_1704,-1
test_1705,1
test_1706,1
test_1707,1
test_1708,0
test_1709,1
test_1710,0
test_1711,1
test_1712,0
test_1713,0
test_1714,0
test_1715,0
test_1716,-1
test_1717,-1
test_1718,-1
test_1719,0
test_1720,0
test_1721,-1
test_1722,0
test_1723,1
test_1724,1
test_1725,1
test_1726,-1
test_1727,-1
test_1728,0
test_1729,0
test_1730,0
test_1731,0
test_1732,0
test_1733,1
test_1734,1
test_1735,1
test_1736,0
test_1737,-1
test_1738,0
test_1739,-1
test_1740,1
test_1741,0
test_1742,1
test_1743,0
test_1744,-1
test_1745,1
test_1746,1
test_1747,0
test_1748,-1
test_1749,-1
test_1750,0
test_1751,0
test_1752,-1
test_1753,1
test_1754,0
test_1755,0
test_1756,-1
test_1757,1
test_1758,-1
test_1759,-1
test_1760,-1
test_1761,1
test_1762,-1
test_1763,0
test_1764,1
test_1765,-1
test_1766,0
test_1767,0
test_1768,0
test_1769,-1
test_1770,1
test_1771,-1
test_1772,1
test_1773,0
test_1774,-1
test_1775,1
test_1776,0
test_1777,0
test_1778,0
test_1779,0
test_1780,1
test_1781,-1
test_1782,-1
test_1783,0
test_1784,-1
test_1785,1
test_1786,0
test_1787,0
test_1788,1
test_1789,0
test_1790,1
test_1791,1
test_1792,0
test_1793,0
test_1794,-1
test_1795,-1
test_1796,1
test_1797,-1
test_1798,-1
test_1799,-1
test_1800,0
test_1801,1
test_1802,0
test_1803,-1
test_1804,1
test_1805,0
test_1806,0
test_1807,-1
test_1808,0
test_1809,0
test_1810,0
test_1811,-1
test_1812,1
test_1813,-1
test_1814,-1
test_1815,-1
test_1816,-1
test_1817,0
test_1818,0
test_1819,1
test_1820,0
test_1821,-1
test_1822,-1
test_1823,-1
test_1824,-1
test_1825,1
test_1826,-1
test_1827,1
test_1828,0
test_1829,-1
test_1830,1
test_1831,0
test_1832,0
test_1833,-1
test_1834,1
test_1835,-1
test_1836,0
test_1837,0
test_1838,0
test_1839,1
test_1840,-1
test_1841,-1
test_1842,1
test_1843,1
test_1844,-1
test_1845,1
test_1846,-1
test_1847,-1
test_1848,-1
test_1849,0
test_1850,1
test_1851,1
test_1852,-1
test_1853,-1
test_1854,1
test_1855,-1
test_1856,0
test_1857,1
test_1858,1
test_1859,1
test_1860,0
test_1861,-1
test_1862,0
test_1863,0
test_1864,0
test_1865,-1
test_1866,1
test_1867,0
test_1868,0
test_1869,0
test_1870,0
test_1871,0
test_1872,-1
test_1873,1
test_1874,0
test_1875,0
test_1876,1
test_1877,0
test_1878,-1
test_1879,0
test_1880,1
test_1881,1
test_1882,0
test_1883,0
test_1884,0
test_1885,0
test_1886,1
test_1887,1
test_1888,1
test_1889,0
test_1890,-1
test_1891,-1
test_1892,1
test_1893,-1
test_1894,0
test_1895,1
test_1896,1
test_1897,-1
test_1898,0
test_1899,1
test_1900,0
test_1901,-1
test_1902,1
test_1903,0
test_1904,0
test_1905,-1
test_1906,-1
test_1907,0
test_1908,-1
test_1909,0
test_1910,0
test_1911,-1
test_1912,0
test_1913,1
test_1914,1
test_1915,0
test_1916,-1
test_1917,-1
test_1918,0
test_1919,1
test_1920,1
test_1921,0
test_1922,0
test_1923,0
test_1924,1
test_1925,-1
test_1926,1
test_1927,1
test_1928,-1
test_1929,1
test_1930,0
test_1931,-1
test_1932,1
test_1933,-1
test_1934,-1
test_1935,-1
test_1936,-1
test_1937,1
test_1938,1
test_1939,0
test_1940,-1
test_1941,0
test_1942,0
test_1943,-1
test_1944,0
test_1945,-1
test_1946,-1
test_1947,1
test_1948,-1
test_1949,1
test_1950,0
test_1951,-1
test_1952,1
test_1953,1
test_1954,1
test_1955,-1
test_1956,-1
test_1957,-1
test_1958,1
test_1959,-1
test_1960,0
test_1961,0
test_1962,1
test_1963,-1
test_1964,-1
test_1965,-1
test_1966,-1
test_1967,1
test_1968,0
test_1969,0
test_1970,-1
test_1971,1
test_1972,1
test_1973,0
test_1974,-1
test_1975,0
test_1976,0
test_1977,0
test_1978,1
test_1979,0
test_1980,1
test_1981,1
test_1982,1
test_1983,-1
test_1984,-1
test_1985,0
test_1986,-1
test_1987,0
test_1988,0
test_1989,0
test_1990,0
test_1991,1
test_1992,1
test_1993,1
test_1994,0
test_1995,-1
test_1996,0
test_1997,-1
test_1998,0
test_1999,-1
test_2000,-1
test_2001,-1
test_2002,0
test_2003,0
test_2004,0
test_2005,1
test_2006,0
test_2007,1
test_2008,-1
test_2009,1
test_2010,0
test_2011,1
test_2012,0
test_2013,1
test_2014,0
test_2015,0
test_2016,-1
test_2017,1
test_2018,1
test_2019,1
test_2020,-1
test_2021,0
test_2022,0
test_2023,1
test_2024,0
test_2025,-1
test_2026,1
test_2027,0
test_2028,0
test_2029,0
test_2030,1
test_2031,0
test_2032,1
test_2033,-1
test_2034,0
test_2035,0
test_2036,0
test_2037,-1
test_2038,0
test_2039,1
test_2040,0
test_2041,0
test_2042,0
test_2043,0
test_2044,1
test_2045,0
test_2046,-1
test_2047,-1
test_2048,-1
test_2049,1
test_2050,-1
test_2051,0
test_2052,1
test_2053,0
test_2054,1
test_2055,0
test_2056,0
test_2057,-1
test_2058,1
test_2059,0
test_2060,1
test_2061,-1
test_2062,-1
test_2063,-1
test_2064,1
test_2065,0
test_2066,1
test_2067,-1
test_2068,1
test_2069,1
test_2070,-1
test_2071,0
test_2072,0
test_2073,0
test_2074,1
test_2075,-1
test_2076,1
test_2077,1
test_2078,-1
test_2079,-1
test_2080,0
test_2081,0
test_2082,-1
test_2083,-1
test_2084,1
test_2085,0
test_2086,0
test_2087,-1
test_2088,-1
test_2089,-1
test_2090,0
test_2091,1
test_2092,0
test_2093,-1
test_2094,1
test_2095,-1
test_2096,0
test_2097,1
test_2098,-1
test_2099,1
test_2100,1
test_2101,0
test_2102,1
test_2103,-1
test_2104,-1
test_2105,0
test_2106,-1
test_2107,1
test_2108,1
test_2109,1
test_2110,-1
test_2111,1
test_2112,0
test_2113,1
test_2114,1
test_2115,0
test_2116,0
test_2117,-1
test_2118,0
test_2119,-1
test_2120,-1
test_2121,1
test_2122,0
test_2123,1
test_2124,-1
test_2125,0
test_2126,0
test_2127,-1
test_2128,0
test_2129,-1
test_2130,0
test_2131,-1
test_2132,-1
test_2133,-1
test_2134,0
test_2135,-1
test_2136,0
test_2137,1
test_2138,0
test_2139,0
test_2140,1
test_2141,1
test_2142,1
test_2143,-1
test_2144,1
test_2145,0
test_2146,1
test_2147,1
test_2148,-1
test_2149,1
test_2150,-1
test_2151,1
test_2152,0
test_2153,1
test_2154,0
test_2155,0
test_2156,-1
test_2157,0
test_2158,-1
test_2159,-1
test_2160,1
test_2161,-1
test_2162,1
test_2163,1
test_2164,1
test_2165,0
test_2166,1
test_2167,1
test_2168,1
test_2169,-1
test_2170,0
test_2171,-1
test_2172,-1
test_2173,0
test_2174,1
test_2175,-1
test_2176,-1
test_2177,1
test_2178,1
test_2179,0
test_2180,1
test_2181,1
test_2182,0
test_2183,-1
test_2184,0
test_2185,1
test_2186,1
test_2187,-1
test_2188,-1
test_2189,-1
test_2190,1
test_2191,-1
test_2192,1
test_2193,-1
test_2194,0
test_2195,1
test_2196,1
test_2197,1
test_2198,0
test_2199,0
test_2200,1
test_2201,-1
test_2202,1
test_2203,1
test_2204,0
test_2205,-1
test_2206,-1
test_2207,1
test_2208,1
test_2209,-1
test_2210,0
test_2211,0
test_2212,1
test_2213,-1
test_2214,-1
test_2215,0
test_2216,-1
test_2217,1
test_2218,-1
test_2219,1
test_2220,1
test_2221,1
test_2222,0
test_2223,1
test_2224,0
test_2225,0
test_2226,0
test_2227,1
test_2228,0
test_2229,1
test_2230,-1
test_2231,-1
test_2232,-1
test_2233,1
test_2234,1
test_2235,0
test_2236,1
test_2237,-1
test_2238,1
test_2239,1
test_2240,-1
test_2241,1
test_2242,0
test_2243,1
test_2244,-1
test_2245,-1
test_2246,-1
test_2247,-1
test_2248,-1
test_2249,-1
test_2250,0
test_2251,-1
test_2252,1
test_2253,1
test_2254,-1
test_2255,0
test_2256,-1
test_2257,0
test_2258,-1
test_2259,-1
test_2260,1
test_2261,0
test_2262,0
test_2263,-1
test_2264,0
test_2265,-1
test_2266,1
test_2267,-1
test_2268,-1
test_2269,0
test_2270,1
test_2271,-1
test_2272,0
test_2273,0
test_2274,1
test_2275,1
test_2276,-1
test_2277,1
test_2278,1
test_2279,-1
test_2280,1
test_2281,0
test_2282,0
test_2283,0
test_2284,1
test_2285,0
test_2286,0
test_2287,0
test_2288,1
test_2289,1
test_2290,1
test_2291,-1
test_2292,1
test_2293,1
test_2294,-1
test_2295,1
test_2296,1
test_2297,0
test_2298,0
test_2299,-1
test_2300,-1
test_2301,-1
test_2302,1
test_2303,-1
test_2304,1
test_2305,1
test_2306,-1
test_2307,1
test_2308,-1
test_2309,1
test_2310,0
test_2311,-1
test_2312,-1
test_2313,0
test_2314,-1
test_2315,0
test_2316,-1
test_2317,-1
test_2318,0
test_2319,1
test_2320,0
test_2321,-1
test_2322,0
test_2323,1
test_2324,0
test_2325,-1
test_2326,-1
test_2327,1
test_2328,-1
test_2329,0
test_2330,0
test_2331,-1
test_2332,0
test_2333,1
test_2334,1
test_2335,0
test_2336,1
test_2337,-1
test_2338,1
test_2339,-1
test_2340,0
test_2341,-1
test_2342,0
test_2343,-1
test_2344,0
test_2345,1
test_2346,0
test_2347,0
test_2348,1
test_2349,0
test_2350,1
test_2351,-1
test_2352,1
test_2353,-1
test_2354,1
test_2355,-1
test_2356,1
test_2357,-1
test_2358,-1
test_2359,-1
test_2360,0
test_2361,1
test_2362,0
test_2363,0
test_2364,0
test_2365,0
test_2366,1
test_2367,0
test_2368,1
test_2369,1
test_2370,-1
test_2371,0
test_2372,1
test_2373,-1
test_2374,0
test_2375,0
test_2376,0
test_2377,0
test_2378,0
test_2379,1
test_2380,-1
test_2381,0
test_2382,1
test_2383,1
test_2384,0
test_2385,-1
test_2386,1
test_2387,0
test_2388,0
test_2389,0
test_2390,1
test_2391,0
test_2392,1
test_2393,-1
test_2394,-1
test_2395,-1
test_2396,1
test_2397,-1
test_2398,0
test_2399,0
test_2400,1
test_2401,0
test_2402,0
test_2403,0
test_2404,1
test_2405,0
test_2406,0
test_2407,-1
test_2408,1
test_2409,0
test_2410,-1
test_2411,1
test_2412,0
test_2413,1
test_2414,-1
test_2415,1
test_2416,-1
test_2417,-1
test_2418,0
test_2419,-1
test_2420,1
test_2421,1
test_2422,-1
test_2423,-1
test_2424,1
test_2425,1
test_2426,1
test_2427,1
test_2428,1
test_2429,-1
test_2430,1
test_2431,1
test_2432,0
test_2433,1
test_2434,0
test_2435,-1
test_2436,1
test_2437,0
test_2438,0
test_2439,1
test_2440,-1
test_2441,0
test_2442,1
test_2443,1
test_2444,1
test_2445,1
test_2446,0
test_2447,-1
test_2448,-1
test_2449,0
test_2450,-1
test_2451,1
test_2452,-1
test_2453,0
test_2454,-1
test_2455,1
test_2456,0
test_2457,1
test_2458,1
test_2459,1
test_2460,0
test_2461,1
test_2462,1
test_2463,0
test_2464,1
test_2465,1
test_2466,0
test_2467,1
test_2468,1
test_2469,1
test_2470,1
test_2471,-1
test_2472,1
test_2473,-1
test_2474,1
test_2475,1
test_2476,1
test_2477,0
test_2478,-1
test_2479,-1
test_2480,0
test_2481,-1
test_2482,-1
test_2483,-1
test_2484,1
test_2485,0
test_2486,0
test_2487,-1
test_2488,1
test_2489,0
test_2490,1
test_2491,1
test_2492,0
test_2493,-1
test_2494,-1
test_2495,-1
test_2496,0
test_2497,1
test_2498,1
test_2499,0
test_2500,1
test_2501,0
test_2502,0
test_2503,1
test_2504,1
test_2505,1
test_2506,0
test_2507,1
test_2508,1
test_2509,-1
test_2510,-1
test_2511,1
test_2512,1
test_2513,1
test_2514,-1
test_2515,0
test_2516,-1
test_2517,-1
test_2518,0
test_2519,0
test_2520,0
test_2521,-1
test_2522,-1
test_2523,0
test_2524,1
test_2525,-1
test_2526,0
test_2527,-1
test_2528,1
test_2529,0
test_2530,0
test_2531,0
test_2532,1
test_2533,0
test_2534,-1
test_2535,0
test_2536,0
test_2537,0
test_2538,0
test_2539,0
test_2540,1
test_2541,-1
test_2542,0
test_2543,-1
test_2544,-1
test_2545,0
test_2546,-1
test_2547,0
test_2548,1
test_2549,-1
test_2550,0
test_2551,-1
test_2552,1
test_2553,0
test_2554,-1
test_2555,-1
test_2556,0
test_2557,0
test_2558,1
test_2559,-1
test_2560,1
test_2561,1
test_2562,1
test_2563,1
test_2564,-1
test_2565,0
test_2566,0
test_2567,1
test_2568,0
test_2569,0
test_2570,1
test_2571,0
test_2572,-1
test_2573,1
test_2574,-1
test_2575,0
test_2576,-1
test_2577,1
test_2578,-1
test_2579,-1
test_2580,1
test_2581,-1
test_2582,-1
test_2583,0
test_2584,1
test_2585,0
test_2586,0
test_2587,0
test_2588,1
test_2589,-1
test_2590,1
test_2591,-1
test_2592,-1
test_2593,-1
test_2594,0
test_2595,-1
test_2596,0
test_2597,-1
test_2598,-1
test_2599,-1
test_2600,-1
test_2601,-1
test_2602,-1
test_2603,-1
test_2604,1
test_2605,-1
test_2606,0
test_2607,-1
test_2608,1
test_2609,-1
test_2610,-1
test_2611,-1
test_2612,1
test_2613,0
test_2614,0
test_2615,1
test_2616,-1
test_2617,-1
test_2618,1
test_2619,0
test_2620,1
test_2621,1
test_2622,-1
test_2623,0
test_2624,1
test_2625,1
test_2626,1
test_2627,-1
test_2628,1
test_2629,-1
test_2630,1
test_2631,0
test_2632,1
test_2633,-1
test_2634,0
test_2635,1
test_2636,-1
test_2637,1
test_2638,-1
test_2639,-1
test_2640,0
test_2641,1
test_2642,-1
test_2643,0
test_2644,0
test_2645,0
test_2646,1
test_2647,-1
test_2648,-1
test_2649,-1
test_2650,0
test_2651,-1
test_2652,1
test_2653,-1
test_2654,0
test_2655,-1
test_2656,-1
test_2657,1
test_2658,0
test_2659,-1
test_2660,-1
test_2661,-1
test_2662,1
test_2663,0
test_2664,-1
test_2665,1
test_2666,-1
test_2667,1
test_2668,0
test_2669,-1
test_2670,-1
test_2671,-1
test_2672,1
test_2673,1
test_2674,-1
test_2675,1
test_2676,0
test_2677,1
test_2678,1
test_2679,-1
test_2680,0
test_2681,1
test_2682,0
test_2683,1
test_2684,1
test_2685,1
test_2686,-1
test_2687,-1
test_2688,0
test_2689,-1
test_2690,0
test_2691,-1
test_2692,-1
test_2693,1
test_2694,1
test_2695,-1
test_2696,0
test_2697,0
test_2698,0
test_2699,0
test_2700,0
test_2701,1
test_2702,0
test_2703,-1
test_2704,1
test_2705,1
test_2706,-1
test_2707,-1
test_2708,-1
test_2709,1
test_2710,1
test_2711,0
test_2712,0
test_2713,1
test_2714,-1
test_2715,1
test_2716,1
test_2717,1
test_2718,0
test_2719,1
test_2720,1
test_2721,-1
test_2722,1
test_2723,0
test_2724,1
test_2725,0
test_2726,0
test_2727,1
test_2728,1
test_2729,-1
test_2730,0
test_2731,0
test_2732,1
test_2733,1
test_2734,1
test_2735,-1
test_2736,1
test_2737,1
test_2738,-1
test_2739,1
test_2740,-1
test_2741,0
test_2742,-1
test_2743,-1
test_2744,1
test_2745,0
test_2746,0
test_2747,-1
test_2748,-1
test_2749,1
test_2750,1
test_2751,0
test_2752,1
test_2753,0
test_2754,1
test_2755,-1
test_2756,1
test_2757,1
test_2758,1
test_2759,0
test_2760,-1
test_2761,1
test_2762,-1
test_2763,1
test_2764,1
test_2765,1
test_2766,0
test_2767,-1
test_2768,-1
test_2769,0
test_2770,1
test_2771,0
test_2772,-1
test_2773,1
test_2774,0
test_2775,0
test_2776,-1
test_2777,1
test_2778,-1
test_2779,-1
test_2780,0
test_2781,0
test_2782,1
test_2783,1
test_2784,1
test_2785,1
test_2786,-1
test_2787,1
test_2788,1
test_2789,-1
test_2790,-1
test_2791,0
test_2792,0
test_2793,0
test_2794,1
test_2795,1
test_2796,0
test_2797,-1
test_2798,-1
test_2799,1
test_2800,-1
test_2801,0
test_2802,0
test_2803,-1
test_2804,1
test_2805,-1
test_2806,0
test_2807,-1
test_2808,1
test_2809,-1
test_2810,1
test_2811,1
test_2812,0
test_2813,1
test_2814,0
test_2815,0
test_2816,-1
test_2817,1
test_2818,-1
test_2819,0
test_2820,1
test_2821,1
test_2822,1
test_2823,1
test_2824,1
test_2825,-1
test_2826,-1
test_2827,0
test_2828,1
test_2829,0
test_2830,-1
test_2831,1
test_2832,-1
test_2833,0
test_2834,0
test_2835,-1
test_2836,0
test_2837,0
test_2838,0
test_2839,0
test_2840,0
test_2841,0
test_2842,0
test_2843,1
test_2844,0
test_2845,-1
test_2846,-1
test_2847,-1
test_2848,1
test_2849,-1
test_2850,0
test_2851,1
test_2852,1
test_2853,1
test_2854,-1
test_2855,0
test_2856,1
test_2857,0
test_2858,-1
test_2859,1
test_2860,-1
test_2861,-1
test_2862,0
test_2863,-1
test_2864,0
test_2865,0
test_2866,-1
test_2867,-1
test_2868,-1
test_2869,-1
test_2870,0
test_2871,-1
test_2872,1
test_2873,0
test_2874,1
test_2875,1
test_2876,1
test_2877,1
test_2878,-1
test_2879,1
test_2880,1
test_2881,1
test_2882,0
test_2883,1
test_2884,1
test_2885,0
test_2886,1
test_2887,-1
test_2888,-1
test_2889,0
test_2890,1
test_2891,-1
test_2892,1
test_2893,1
test_2894,0
test_2895,0
test_2896,-1
test_2897,-1
test_2898,0
test_2899,0
test_2900,-1
test_2901,0
test_2902,-1
test_2903,0
test_2904,0
test_2905,0
test_2906,1
test_2907,1
test_2908,1
test_2909,0
test_2910,0
test_2911,-1
test_2912,0
test_2913,-1
test_2914,-1
test_2915,0
test_2916,1
test_2917,0
test_2918,0
test_2919,0
test_2920,-1
test_2921,1
test_2922,-1
test_2923,1
test_2924,1
test_2925,0
test_2926,-1
test_2927,-1
test_2928,1
test_2929,0
test_2930,-1
test_2931,-1
test_2932,0
test_2933,-1
test_2934,-1
test_2935,-1
test_2936,1
test_2937,0
test_2938,-1
test_2939,0
test_2940,1
test_2941,-1
test_2942,1
test_2943,-1
test_2944,1
test_2945,-1
test_2946,-1
test_2947,-1
test_2948,1
test_2949,-1
test_2950,1
test_2951,1
test_2952,-1
test_2953,-1
test_2954,1
test_2955,-1
test_2956,1
test_2957,1
test_2958,0
test_2959,0
test_2960,-1
test_2961,0
test_2962,0
test_2963,-1
test_2964,1
test_2965,-1
test_2966,1
test_2967,0
test_2968,1
test_2969,-1
test_2970,0
test_2971,0
test_2972,1
test_2973,0
test_2974,1
test_2975,1
test_2976,1
test_2977,-1
test_2978,0
test_2979,0
test_2980,-1
test_2981,-1
test_2982,0
test_2983,-1
test_2984,1
test_2985,0
test_2986,1
test_2987,1
test_2988,1
test_2989,-1
test_2990,1
test_2991,-1
test_2992,0
test_2993,1
test_2994,0
test_2995,-1
test_2996,-1
test_2997,1
test_2998,1
test_2999,0
test_3000,0
